repo_name,stars,age_years,releases_count,cbo_median,dit_median,lcom_median,loc_total
JavaGuide,151806,7.370294318959616,0,,,,
hello-algo,116942,2.8747433264887063,9,2.0,1.0,3.0,502
GitHub-Chinese-Top-Charts,102379,6.039698836413415,0,0.0,1.0,0.0,5
java-design-patterns,92709,11.1129363449692,0,1.5,1.0,0.0,87
mall,81613,7.460643394934976,3,5.0,1.0,0.0,3408
spring-boot,78429,12.917180013689254,323,,,,
advanced-java,78264,6.954140999315538,1,0.0,1.0,0.0,5
LeetCodeAnimation,76454,6.787132101300479,0,1.0,1.0,0.0,30
elasticsearch,73828,15.611225188227241,210,,,,
Stirling-PDF,67554,2.64476386036961,138,3.0,1.0,0.0,8815
interviews,64469,8.594113620807667,0,1.0,1.0,0.0,1490
Java,63414,9.177275838466803,0,1.0,1.0,1.0,35070
ghidra,60625,6.55441478439425,46,3.0,1.0,0.5,521
spring-framework,58858,14.781656399726215,343,,,,
guava,51124,11.31006160164271,57,2.0,1.0,0.0,38128
RxJava,48337,12.695414099931554,241,6.0,2.0,0.0,129091
jadx,45534,12.506502395619439,32,3.0,1.0,0.0,1323
dbeaver,45457,9.91375770020534,231,1.5,1.0,0.0,105
termux-app,45180,9.908281998631075,95,5.5,2.0,0.0,4518
JeecgBoot,43909,6.8145106091718,63,,,,
dubbo,41374,13.25119780971937,111,,,,
MPAndroidChart,38105,11.403148528405202,44,10.0,2.0,1.0,6445
tutorials,37261,12.39151266255989,0,,,,
halo,36943,7.498973305954825,227,3.0,1.0,0.0,6742
arthas,36731,7.058179329226557,59,1.0,1.0,1.0,178
hello-algorithm,35781,5.308692676249144,0,,,,
lottie-android,35477,8.950034223134839,60,,,,
NewPipe,35109,10.042436687200547,137,5.0,1.0,1.0,40662
leetcode,34961,7.008898015058179,21,0.0,1.0,0.0,9
glide,34949,12.19712525667351,54,,,,
netty,34441,14.861054072553046,0,4.0,1.0,1.0,22542
spring-boot-demo,33911,7.857631759069131,0,4.5,1.0,1.5,78
AndroidUtilCode,33644,9.138945927446954,117,,,,
easyexcel,33632,7.616700889801506,14,0.0,1.0,0.0,2
zxing,33595,13.938398357289527,31,8.0,1.0,54.0,340
ruoyi-vue-pro,33297,4.65160848733744,46,21.5,1.5,307.5,1922
selenium,33245,12.676249144421629,108,5.0,1.0,1.0,37583
nacos,32063,7.263518138261465,85,2.0,1.0,0.0,246
WxJava,31930,9.702943189596168,30,,,,
kafka,30933,14.097193702943189,0,3.0,1.0,0.0,98874
spring-boot-examples,30606,8.870636550308008,0,2.0,1.0,0.0,10
hutool,30082,11.436002737850787,153,1.0,1.0,1.0,2110
keycloak,29659,12.216290212183436,88,,,,
apollo,29656,9.544147843942506,41,11.0,1.0,0.0,980
canal,29379,12.681724845995893,32,5.0,1.0,3.0,1889
xxl-job,29334,9.809719370294319,39,3.0,1.0,0.0,4786
conductor,29244,1.782340862422998,26,2.0,1.0,0.0,1400
SpringAll,28958,7.383983572895278,0,4.0,1.0,1.0,8
spring-cloud-alibaba,28763,7.797399041752224,48,,,,
druid,28195,13.878165639972622,51,5.0,2.0,3.0,224961
vhr,27946,7.707049965776865,0,10.0,1.0,0.5,50
Telegram,27548,11.901437371663244,95,4.0,1.0,0.0,1597764
JCSprout,27065,7.756331279945243,0,1.0,1.0,0.0,3259
miaosha,26511,7.014373716632443,0,3.0,1.0,1.0,954
awesome-system-design-resources,26061,1.9028062970568105,0,1.0,1.0,0.0,145
incubator-seata,25810,6.7268993839835725,44,,,,
fastjson,25748,13.878165639972622,84,4.0,1.0,1.0,44739
butterknife,25481,12.542094455852157,0,10.0,1.0,24.0,83
toBeTopJavaer,25469,6.9021218343600275,0,,,,
flink,25276,11.285420944558522,0,,,,
SmartRefreshLayout,25154,8.2984257357974,14,2.0,1.0,0.0,6394
openapi-generator,24870,7.356605065023956,73,,,,
proxyee-down,24867,7.901437371663245,49,4.0,1.0,2.0,3299
Mindustry,24828,8.388774811772759,168,8.5,1.0,0.5,2395
EventBus,24765,13.177275838466803,7,3.5,1.5,0.0,103
bazel,24573,11.271731690622861,212,0.5,1.0,1.5,29
SmartTube,24532,5.144421629021219,918,3.0,1.0,0.0,4029
skywalking,24525,9.867214236824093,62,,,,
jenkins,24447,14.822724161533197,445,2.0,1.0,1.0,1798
Hystrix,24401,12.83230663928816,79,0.0,1.0,0.0,1513
libgdx,24354,13.1088295687885,14,,,,
Chat2DB,24272,2.2505133470225873,43,5.0,1.0,34.0,683
gson,24049,10.505133470225873,12,6.0,1.0,0.0,888
redisson,24035,11.68788501026694,173,3.0,1.0,1.0,87375
source-code-hunter,22967,5.894592744695414,0,0.0,1.0,0.0,5
Apktool,22927,13.503080082135524,27,,,,
Sentinel,22910,7.460643394934976,25,,,,
FizzBuzzEnterpriseEdition,22785,12.818617385352498,0,,,,
rocketmq,22100,8.802190280629706,22,5.0,1.0,3.0,3367
dataease,21907,4.6269678302532515,98,2.0,1.0,0.0,31968
ExoPlayer,21876,11.266255989048597,28,6.0,2.0,1.0,448
eladmin,21789,6.765229295003422,1,3.0,1.0,1.0,2259
jdk,21735,7.006160164271047,0,6.0,2.0,6.0,252
LSPosed,21589,4.769336071184121,39,6.0,1.0,1.0,9810
kestra,21200,6.072553045859,311,8.0,2.0,0.0,1839
GSYVideoPlayer,21114,8.848733744010952,53,2.0,1.0,0.0,16139
graal,21101,9.681040383299111,32,3.0,1.0,10.0,89
HikariCP,20722,11.94798083504449,0,3.0,1.0,0.0,4869
DSA-Bootcamp-Java,20690,4.139630390143737,0,2.0,1.0,1.0,533
shardingsphere,20457,9.670088980150581,58,,,,
DoKit,20387,7.099247091033539,14,3.0,1.0,3.5,822
mybatis-3,20233,12.594113620807667,46,3.0,1.0,1.0,21404
RxAndroid,20086,11.085557837097879,20,5.0,1.0,0.0,273
litemall,19926,7.496235455167693,8,13.5,1.0,0.0,2606
SpringBoot-Labs,19866,7.019849418206708,0,,,,
Ehviewer_CN_SXJ,19744,4.85968514715948,107,4.0,1.0,1.0,73780
thingsboard,19729,8.799452429842573,70,7.0,1.0,1.0,51371
cat,18938,12.788501026694044,3,4.0,1.0,3.0,2333
PhotoView,18871,13.174537987679672,5,2.0,1.0,0.0,1189
intellij-community,18789,13.971252566735114,5,,,,
antlr4,18357,15.62217659137577,31,6.0,1.0,3.0,530
Algorithms,18227,8.506502395619439,0,2.0,1.0,1.0,23524
APIJSON,18200,8.826830937713895,110,3.0,1.0,6.0,13844
ip2region,18173,9.880903490759753,4,,,,
Sa-Token,18164,5.626283367556468,38,2.0,1.0,1.0,8075
awesome-low-level-design,18055,1.839835728952772,0,1.0,1.0,1.0,113
disruptor,17989,12.993839835728952,14,2.0,1.0,0.0,2189
SpringCloudLearning,17974,8.449007529089664,0,3.0,1.0,0.0,5
yudao-cloud,17868,6.38466803559206,32,,,,
tinker,17564,9.034907597535934,60,3.0,2.0,1.0,7852
zipkin,17308,13.286789869952088,97,5.5,1.5,0.0,60
analysis-ik,17216,13.760438056125942,1,4.0,1.0,1.0,2145
JustAuth,17193,6.633812457221081,46,2.0,1.0,6.0,5535
fresco,17137,10.55167693360712,55,5.0,1.0,1.0,865
mybatis-plus,17107,9.086926762491444,38,,,,
caffeine,17046,10.767967145790555,71,4.0,1.0,0.0,14352
material-components-android,16954,8.788501026694044,112,4.0,1.0,1.0,4773
Android-Universal-Image-Loader,16936,13.81245722108145,0,3.0,1.0,1.0,6131
DataX,16821,7.668720054757015,7,4.5,2.5,0.0,172
java8-tutorial,16777,11.512662559890487,0,1.0,1.0,1.0,630
zheng,16729,8.958247775496236,0,1.0,2.0,0.0,30
Grasscutter,16665,3.4250513347022586,20,5.0,2.0,0.0,34
BigData-Notes,16657,6.529774127310062,0,2.0,1.0,0.0,9
springboot-learning-example,16557,8.616016427104723,0,4.0,1.0,0.0,30
tech-interview-for-developer,16556,6.28062970568104,0,2.0,1.0,0.0,152
presto,16506,13.111567419575634,12,,,,
questdb,16139,11.392197125256674,93,11.0,1.0,0.0,5996
VirtualXposed,15828,7.800136892539356,50,5.0,1.0,1.0,6391
SpringBoot-Learning,15791,9.078713210130047,0,2.0,1.0,0.0,10
Android-CleanArchitecture,15566,11.085557837097879,0,3.0,1.0,0.0,517
mockito,15278,12.933607118412047,222,3.0,1.0,0.0,17524
hadoop,15266,11.06091718001369,0,,,,
bytecode-viewer,15218,10.932238193018481,61,3.0,1.0,0.0,21075
neo4j,15088,12.851471594798083,72,2.0,1.0,1.0,672
quarkus,14982,7.2060232717316905,416,,,,
flink-learning,14932,6.715947980835044,0,3.5,1.0,0.0,102
pulsar,14859,9.22655715263518,112,3.0,1.0,0.0,13
jd-gui,14747,10.48870636550308,18,1.0,1.0,0.5,269
logstash,14637,14.836413415468858,210,12.0,1.0,0.0,216
vert.x,14569,14.258726899383984,0,4.0,1.0,1.0,61507
CircleImageView,14530,11.671457905544148,0,15.5,2.5,268.0,354
supertokens-core,14527,5.705681040383299,91,4.0,1.0,4.0,1271
QMUI_Android,14514,8.413415468856947,35,3.0,1.0,0.5,4829
ARouter,14493,8.763860369609857,16,1.5,1.0,0.5,179
Arduino,14428,15.006160164271048,37,1.0,1.0,0.0,10195
onedev,14336,6.869267624914442,431,4.0,1.0,0.0,301436
doris,14295,8.109514031485284,74,,,,
zaproxy,14122,10.297056810403832,17,5.0,2.0,10.0,1378
deeplearning4j,14101,11.811088295687885,0,,,,
jib,14023,7.657768651608487,168,,,,
zuul,13893,12.5201916495551,29,4.0,1.0,1.0,14350
logger,13888,10.499657768651609,16,6.0,1.0,0.0,785
dolphinscheduler,13840,6.55441478439425,53,,,,
druid,13829,12.906228610540726,68,,,,
spring-analysis,13725,9.026694045174539,0,2.0,1.0,0.0,378
Java,13723,9.817932922655714,0,1.0,1.0,0.0,177
pinpoint,13716,10.915811088295689,61,2.0,1.0,0.0,103
piggymetrics,13704,10.477754962354553,2,4.0,1.0,0.0,323
AndroidAutoSize,13694,7.091033538672143,14,3.5,1.0,1.0,1411
Luban,13678,9.155373032169747,6,2.0,1.0,0.0,401
Material-Animations,13662,10.535249828884325,0,2.5,1.0,0.0,1005
cryptomator,13651,11.627652292950033,193,7.0,1.0,1.0,15661
mit-deep-learning-book-pdf,13601,8.451745379876797,3,0.0,1.0,0.0,2
languagetool,13581,12.114989733059549,0,3.0,1.0,0.0,19
tink,13553,11.288158795345653,21,3.5,1.5,0.5,95
PictureSelector,13541,8.706365503080082,116,4.0,1.0,0.0,4437
Android-PickerView,13481,10.726899383983573,0,2.0,1.0,0.0,907
kkFileView,13324,7.770020533880904,16,,,,
lombok,13280,16.281998631074607,0,1.0,1.0,0.0,17
mall-learning,13260,6.439425051334703,0,5.0,1.0,0.0,2560
awesome-leetcode-resources,13243,1.9028062970568105,0,1.0,1.0,0.0,360
banner,13033,9.409993155373032,0,5.0,2.0,0.0,1037
dex2jar,12907,10.513347022587268,8,1.0,1.0,1.0,551
conductor,12778,8.780287474332649,319,,,,
stetho,12710,10.655715263518138,13,2.0,1.0,0.0,15000
spring-boot-admin,12689,11.154004106776181,139,5.0,1.0,0.0,692
guice,12677,11.31006160164271,19,1.0,1.0,0.0,50
COLA,12659,7.616700889801506,11,3.0,1.0,0.0,737
greenDAO,12626,13.911019849418206,8,4.0,1.0,0.0,5241
eureka,12626,13.14715947980835,151,3.0,1.0,0.0,13582
mall-swarm,12614,5.817932922655715,3,5.0,1.0,0.0,3290
zookeeper,12599,16.48186173853525,0,1.0,1.0,0.0,84
Matisse,12567,8.435318275154003,15,5.0,1.0,0.0,3263
metersphere,12483,5.626283367556468,212,4.0,1.0,0.0,51
AndroidViewAnimations,12471,11.241615331964407,9,2.5,1.0,0.0,159
AndroidSwipeLayout,12407,11.069130732375086,18,2.0,1.0,0.0,847
Mybatis-PageHelper,12339,11.279945242984258,15,5.0,1.0,0.0,3566
jedis,12157,15.274469541409994,114,3.0,1.0,1.0,41011
plantuml,12088,14.874743326488707,60,5.0,1.0,1.0,179940
android-interview-questions,12087,8.19712525667351,0,0.0,1.0,0.0,5
uCrop,12043,9.705681040383299,20,2.0,1.0,1.0,572
matrix,11905,6.7734428473648185,16,2.0,1.0,1.5,1941
trino,11892,6.666666666666667,0,,,,
VasSonic,11871,8.134154688569472,10,2.5,1.0,0.0,875
xManager,11862,4.610540725530458,51,2.0,1.0,0.0,21822
debezium,11855,9.659137577002053,0,6.0,1.0,6.0,129
grpc-java,11844,10.781656399726215,180,4.0,1.0,2.0,3472
fullstack-tutorial,11682,7.436002737850787,0,,,,
xpipe,11642,2.64476386036961,122,5.0,1.0,1.0,53666
webmagic,11628,12.407939767282683,33,3.0,1.0,1.0,3015
OpenSearch,11579,4.635181382614648,59,7.0,1.0,0.0,1399
OpenRefine,11521,12.928131416837783,72,6.0,1.0,0.0,37
realm-java,11483,13.415468856947296,0,4.5,2.0,0.0,520
CtCI-6th-Edition,11464,10.217659137577002,0,1.0,1.0,1.0,529
ImmersionBar,11449,8.41889117043121,0,2.0,1.0,0.0,3477
Paper,11419,9.659137577002053,0,5.0,1.0,3.0,56616
newbee-mall,11394,5.9958932238193015,0,2.0,1.0,4.0,3935
kafka-ui,11307,5.815195071868583,25,5.0,1.0,1.0,10150
jsoup,11243,15.75085557837098,20,3.0,1.0,0.0,21509
PermissionsDispatcher,11229,10.094455852156058,40,0.5,1.0,0.5,7
interview,11214,11.16495550992471,0,3.0,1.0,1.0,4432
cas,11196,14.028747433264886,303,,,,
lawnchair,11145,8.54757015742642,32,,,,
Aegis,11140,9.095140314852841,72,5.0,1.0,1.0,22159
FlycoTabLayout,11122,9.86173853524983,4,3.0,2.0,1.0,475
SmarterStreaming,11114,9.483915126625599,0,2.0,1.0,0.0,2151
FileDownloader,11112,9.744010951403148,65,2.0,1.0,0.0,3057
datahub,11051,9.83709787816564,104,,,,
SlidingMenu,11044,13.221081451060916,0,3.0,2.0,0.0,932
androidannotations,11036,13.702943189596168,0,7.0,2.0,3.5,14515
jvm,10974,7.241615331964408,0,0.0,1.0,0.0,5
GmsCore,10948,11.408624229979466,41,5.0,2.0,0.0,497
spider-flow,10934,5.4811772758384665,2,2.0,1.0,0.0,1004
javapoet,10870,12.629705681040383,0,6.0,1.0,17.5,4321
pkl,10856,1.6673511293634498,16,5.0,1.0,0.0,1862
jjwt,10849,11.017111567419576,9,3.0,1.0,1.0,3915
vlayout,10774,8.558521560574949,34,2.0,1.0,0.0,1631
platform_frameworks_base,10769,16.91170431211499,0,,,,
VirtualApp,10755,9.204654346338124,0,3.0,1.0,1.0,7566
Java-WebSocket,10737,15.66050650239562,19,2.0,1.0,1.0,5283
clojure,10712,15.225188227241615,0,0.0,1.0,0.0,36398
starrocks,10684,4.041067761806982,154,,,,
android-async-http,10630,14.57905544147844,3,4.0,1.0,1.0,4398
okhttp-OkGo,10601,9.678302532511978,14,4.0,1.0,1.0,6104
auto,10524,12.32580424366872,66,2.0,2.5,1.0,3654
JiaoZiVideoPlayer,10492,9.618069815195073,78,5.0,2.0,4.0,2429
RxPermissions,10481,9.973990417522245,11,2.0,1.0,0.0,386
Activiti,10426,13.015742642026009,1969,,,,
zfile,10395,6.0862422997946615,67,4.0,1.0,0.0,12385
resilience4j,10367,10.297056810403832,35,10.0,1.0,0.0,1152
MVPArms,10285,9.119780971937029,25,5.0,1.0,3.5,4610
aws-doc-sdk-examples,10208,9.086926762491444,0,4.0,1.0,0.0,172
ViewPagerIndicator,10104,14.127310061601642,0,5.0,3.0,0.0,674
Signal-Server,10079,11.7782340862423,0,8.5,2.0,0.5,38
CoreNLP,9967,12.229979466119097,19,0.0,1.0,0.0,18
glide-transformations,9927,10.694045174537989,0,,,,
easypermissions,9913,9.744010951403148,12,9.5,2.0,36.0,95
paascloud-master,9899,7.509924709103354,0,1.0,1.0,0.0,840
JsBridge,9889,10.562628336755647,0,1.0,1.0,1.0,221
sonarqube,9887,14.704996577686517,65,,,,
MagicIndicator,9803,9.232032854209445,12,5.0,1.0,0.0,2454
AVLoadingIndicatorView,9771,9.905544147843942,1,4.0,2.0,0.0,137
feign,9739,12.229979466119097,39,4.0,1.0,1.0,484
Fragmentation,9725,9.571526351813826,30,3.0,1.0,0.0,4791
spring-reading,9712,2.0123203285420943,0,2.5,1.0,0.0,17
spring-boot-api-project-seed,9686,8.240930869267626,4,3.0,1.0,0.0,324
spark,9660,14.376454483230663,0,3.0,1.0,1.0,5517
Android-ObservableScrollView,9649,10.863791923340179,0,2.0,1.0,1.0,2794
react-native-camera,9648,10.469541409993155,144,,,,
android-gif-drawable,9631,12.635181382614647,61,4.0,2.0,0.0,2563
DanmakuFlameMaster,9600,12.106776180698152,5,3.0,1.0,1.0,11268
spinnaker,9583,11.21697467488022,15,,,,
android-Ultra-Pull-To-Refresh,9563,10.850102669404517,8,2.0,1.0,0.0,707
Mycat-Server,9552,10.792607802874743,7,3.0,1.0,1.0,81380
AndroidSlidingUpPanel,9498,12.303901437371664,8,2.0,1.0,0.0,132
cim,9443,7.3347022587268995,9,5.0,1.0,0.0,533
PocketHub,9380,14.03148528405202,1,5.0,1.0,0.0,5985
cassandra,9376,16.331279945242983,0,5.0,3.0,1.0,40833
AgentWeb,9352,8.355920602327172,21,3.0,1.0,0.0,6683
EhViewer,9340,11.351129363449692,97,4.0,1.0,1.0,43537
CalendarView,9317,8.525667351129364,1,4.0,2.0,4.0,4517
spring-security,9302,13.689253935660506,232,,,,
JsonPath,9300,14.652977412731007,10,4.0,1.0,0.0,10966
AndroidNote,9295,9.705681040383299,0,1.0,1.0,3.0,402
testing-samples,9277,10.940451745379876,0,3.5,2.5,0.0,26
android-gpuimage,9130,12.958247775496236,0,2.0,2.0,0.0,6341
flyway,9115,12.763860369609857,268,,,,
langchain4j,9047,2.2505133470225873,52,,,,
VirtualAPK,9042,8.224503764544833,4,3.0,1.0,1.0,1299
jmeter,9005,15.315537303216974,10,1.0,2.0,0.5,85
MaterialDesignLibrary,8971,10.97056810403833,3,3.0,1.0,1.0,2574
Jetpack-MVVM-Best-Practice,8950,5.886379192334018,0,3.0,1.0,0.0,1932
Android_Data,8844,10.461327857631758,0,2.0,1.0,3.0,116
storm,8811,14.00684462696783,0,5.0,1.0,1.5,1224
jna,8802,14.392881587953456,0,3.0,2.0,0.0,42728
StatusBarUtil,8799,9.593429158110883,0,6.5,1.0,358.0,403
seatunnel,8790,8.123203285420944,52,,,,
flowable-engine,8730,8.933607118412047,28,,,,
awesome-java-leetcode,8711,8.424366872005475,0,1.0,1.0,0.0,127
Android-PullToRefresh,8687,13.806981519507186,0,5.0,1.0,3.0,2775
checkstyle,8677,12.05201916495551,169,5.0,2.0,10.0,36212
karate,8667,8.61327857631759,54,4.0,1.0,1.0,31
Android-SpinKit,8663,9.500342231348391,0,5.0,3.0,1.0,1511
shenyu,8660,7.19233401779603,13,,,,
AndResGuard,8625,9.94113620807666,4,4.5,1.5,45.0,516
react-native-image-picker,8591,10.283367556468173,142,4.0,2.0,1.0,779
Calligraphy,8569,11.748117727583846,4,6.0,1.0,4.0,822
Android-Debug-Database,8563,8.840520191649555,14,4.0,1.0,0.0,67
epoxy,8561,9.111567419575634,76,3.5,1.0,1.0,5266
buck,8556,12.424366872005475,57,,,,
dropwizard,8556,14.666666666666666,189,4.0,2.0,0.0,7
junit4,8533,16.681724845995895,13,3.0,1.0,0.0,10774
GoGoGo,8520,3.7946611909650922,8,3.0,1.0,1.0,3802
ysoserial,8515,10.642026009582478,1,6.0,1.0,1.0,2864
tsunami-security-scanner,8462,5.295003422313484,27,4.0,1.0,1.0,2493
LSPatch,8393,4.553045859000685,9,2.0,1.0,0.0,5925
PojavLauncher,8390,5.5249828884325805,126,4.0,1.0,1.0,19495
BottomBar,8388,9.51129363449692,4,2.0,1.0,0.0,252
hsweb-framework,8382,9.670088980150581,30,,,,
AndroidPdfViewer,8363,9.297741273100616,0,1.0,1.0,0.0,3221
testcontainers-java,8324,10.439425051334702,85,4.0,1.0,1.0,7536
im-server,8304,6.655715263518139,108,8.0,2.0,1.0,26377
beam,8298,9.6290212183436,53,4.0,1.0,3.0,2389
shardingsphere-elasticjob,8211,10.023271731690622,30,,,,
pentaho-kettle,8179,11.94798083504449,1,2.0,1.0,6.0,49601
baritone,8162,7.134839151266256,85,4.5,1.5,3.5,402
atlas,8151,8.555783709787816,7,2.0,1.0,0.0,7287
HMCL,8143,10.245037645448322,260,3.0,1.0,0.0,1100
transmittable-thread-local,8134,11.93429158110883,58,,,,
otter,8128,12.112251882272416,10,2.5,1.0,4.0,9715
javacv,8126,11.41409993155373,13,3.0,2.0,1.0,22277
aeron,8117,11.613963039014374,126,2.0,1.0,0.0,4617
MaterialViewPager,8114,10.406570841889117,11,3.0,1.0,0.0,1346
UltimateAndroidReference,8107,8.4435318275154,0,1.0,1.0,0.0,22
LitePal,8100,12.577686516084873,0,2.0,1.0,0.0,6548
subsampling-scale-image-view,7988,12.06570841889117,21,2.0,1.0,0.0,3256
SimianArmy,7987,13.201916495550993,4,5.0,1.0,2.0,10484
iceberg,7984,6.833675564681725,31,7.0,1.0,4.0,504
XPopup,7968,6.784394250513347,221,2.0,1.0,0.0,2182
tomcat,7952,13.96851471594798,0,4.0,2.0,0.0,2
hugo,7931,11.816563997262149,0,,,,
metrics,7850,15.561943874058864,140,0.0,1.0,0.0,4
HomeMirror,7846,10.075290896646132,0,2.0,1.0,0.0,1714
react-native-svg,7837,9.672826830937714,124,4.5,1.0,1.0,9612
graylog2-server,7809,15.342915811088295,0,,,,
material-theme-jetbrains,7791,9.990417522245037,17,3.0,2.0,1.0,14517
LeetCode-Book,7693,3.756331279945243,0,1.0,1.0,0.0,147
RxLifecycle,7692,10.168377823408624,22,1.0,1.0,0.0,149
MVVMHabit,7686,8.164271047227926,3,2.0,1.0,0.0,2055
vjtools,7672,7.310061601642711,9,10.0,2.0,4.5,800
hellocharts-android,7668,10.937713894592745,14,3.0,1.0,17.5,1820
Shadow,7641,6.269678302532512,5,,,,
MyBookshelf,7625,7.271731690622861,165,4.0,1.0,1.0,48105
PowerJob,7592,5.51129363449692,51,0.0,1.0,0.0,610
android-classyshark,7588,9.938398357289527,17,2.0,1.0,0.0,756
closure-compiler,7571,11.427789185489392,0,4.0,1.0,0.0,159466
AndroidAsync,7547,13.070499657768652,0,,,,
jimureport,7543,5.790554414784395,29,6.5,1.0,0.0,300
RxJava-Android-Samples,7527,11.159479808350445,0,3.0,1.0,3.0,2628
algs4,7503,10.053388090349076,0,4.0,1.0,0.0,22522
mapstruct,7503,13.311430527036277,35,,,,
LeetCode,7469,5.689253935660506,0,,,,
swagger-core,7458,14.206707734428473,121,0.0,1.0,0.0,37
enso,7439,8.758384668035593,484,,,,
1brc,7438,1.727583846680356,0,3.0,1.0,1.0,52847
VBlog,7418,7.731690622861054,0,4.0,1.0,1.0,781
SpringCloud-Learning,7404,9.078713210130047,0,,,,
Mapper,7370,10.82819986310746,8,0.0,1.0,0.0,2
ShortcutBadger,7355,11.84394250513347,0,3.0,1.0,0.0,120
RePlugin,7340,8.281998631074606,19,3.0,1.0,0.0,22213
MinecraftForge,7303,13.637234770704996,0,2.0,1.0,1.0,2170
dagger,7301,13.127994524298426,0,2.0,1.0,1.0,25
gocd,7297,11.767282683093772,86,,,,
Android-Bootstrap,7268,11.88227241615332,5,3.0,1.0,1.0,9469
AntennaPod,7261,13.136208076659821,62,6.0,1.5,1.0,18190
sweet-alert-dialog,7248,10.91854893908282,2,2.0,1.0,0.0,800
TakePhoto,7243,10.127310061601642,15,8.0,2.0,2.0,240
xmall,7235,8.145106091718,0,0.0,1.0,2.0,1135
WeChatLuckyMoney,7224,9.971252566735114,20,3.0,1.0,1.0,931
UltimateRecyclerView,7203,10.642026009582478,9,3.0,1.0,0.0,4345
DependencyCheck,7196,13.043121149897331,85,3.5,1.5,0.0,1162
agera,7167,9.757700205338809,16,4.0,1.0,0.0,2429
nanohttpd,7165,13.10609171800137,3,1.5,1.0,0.0,1467
KnowStreaming,7143,5.503080082135524,23,9.5,1.0,2.0,2100
SmartTabLayout,7097,10.595482546201232,0,4.0,1.0,1.0,523
gnirehtet,7092,8.607802874743326,12,3.0,1.0,0.0,956
ActionBarSherlock,7075,14.537987679671458,32,4.0,2.0,15.0,307
alluxio,7070,12.744695414099931,61,6.0,1.0,1.0,12397
automq,7064,2.0917180013689256,70,2.0,1.0,1.0,1450
joyagent-jdgenie,7063,0.17796030116358658,1,4.0,1.0,0.0,9166
Timber,7056,10.272416153319645,5,3.0,1.0,0.0,21854
error-prone,7040,11.077344284736482,58,0.0,1.0,0.0,48
elasticsearch-sql,7033,11.071868583162217,272,6.0,2.0,1.0,29140
JavaTutorial,7031,7.38672142368241,1,0.0,1.0,0.0,14
rest-assured,7030,14.913073237508556,0,4.0,1.0,0.0,5
netty-socketio,6995,13.686516084873375,19,2.0,1.0,0.0,5773
wiremock,6983,13.946611909650924,51,0.0,1.0,0.0,156
DroidPlugin,6960,10.064339493497604,2,2.0,3.0,0.0,20214
jvm-sandbox,6924,8.128678986995208,13,1.0,2.5,125.5,230
CompreFace,6901,5.204654346338125,11,6.0,1.0,0.0,1549
okhttputils,6860,10.091718001368925,0,3.0,1.0,0.0,1570
walle,6846,8.68993839835729,1,2.0,2.0,0.0,28
springcloud-learning,6838,6.034223134839151,0,2.0,1.0,0.0,158
rabbitmq-tutorials,6808,14.99520876112252,0,,,,
java-eight-part,6796,4.9253935660506505,0,,,,
junit-framework,6795,10.688569472963723,97,1.0,1.0,1.0,142
react-native-push-notification,6787,9.765913757700206,35,4.0,1.0,0.0,1824
BookReader,6783,9.127994524298426,0,2.0,1.0,0.0,30264
angel,6776,8.402464065708418,19,4.0,1.0,0.0,160758
spring-ai,6767,2.2313483915126624,3,,,,
haven,6724,8.553045859000685,37,4.0,1.0,1.0,4561
AndroidPerformanceMonitor,6724,9.672826830937714,0,2.0,1.0,2.5,870
itstack-demo-design,6719,5.333333333333333,0,0.0,1.0,0.0,94
AndroidProject,6718,6.907597535934292,17,3.0,1.0,1.0,13262
AndroidPicker,6714,9.91375770020534,57,3.0,1.0,0.0,509
mybatis-generator-gui,6710,9.363449691991786,16,5.0,1.0,3.0,3007
springBoot,6703,8.865160848733744,0,1.0,2.0,4.0,253
AndroidAutoLayout,6675,9.834360027378509,0,4.0,2.0,3.0,17
Leaf,6671,6.7734428473648185,0,1.0,1.0,0.5,1015
Recaf,6658,8.147843942505133,170,5.0,1.0,1.0,35997
storm,6655,11.871321013004792,5,8.0,2.0,1.0,544
AndPermission,6644,9.021218343600275,0,4.0,1.0,0.0,3284
hertzbeat,6616,3.62217659137577,6,,,,
byte-buddy,6611,11.816563997262149,304,3.0,1.0,0.0,6900
quartz,6609,9.535934291581109,5,7.5,1.0,1.0,1071
Toasty,6596,8.668035592060233,19,1.0,1.0,0.0,109
zeppelin,6561,10.48870636550308,0,9.0,2.0,68.0,152
smali,6534,12.988364134154688,0,5.0,2.0,1.0,3586
ansj_seg,6530,13.037645448323067,3,4.0,2.0,0.0,490
AppManager,6529,5.305954825462012,76,6.0,1.0,1.0,103002
TV,6525,3.24435318275154,0,4.0,1.0,3.0,11400
jOOQ,6523,14.425735797399042,105,7.0,1.0,3.0,171391
processing,6504,12.65160848733744,48,1.0,1.0,0.0,8643
Android-skin-support,6504,8.684462696783026,0,6.0,2.0,4.0,2265
XXPermissions,6496,7.263518138261465,72,3.0,1.0,0.0,1917
traccar,6464,13.426420260095824,63,5.0,2.0,0.0,60445
Spring-Cloud-Platform,6434,8.320328542094456,3,0.0,1.0,56.0,233
Android-Image-Cropper,6424,10.677618069815194,32,2.0,1.0,0.0,4192
RoundedImageView,6424,12.572210814510608,19,9.0,2.0,0.0,343
pig,6418,6.067077344284736,19,6.5,1.5,1.0,813
hazelcast,6393,13.49760438056126,200,3.0,1.0,0.0,55
async-http-client,6391,14.537987679671458,7,3.0,1.0,1.0,14332
vespa,6361,9.295003422313483,240,1.0,1.0,1.0,434
remusic,6359,9.489390828199863,0,3.0,1.0,0.0,47776
JFoenix,6342,10.03148528405202,0,9.0,2.0,1.0,2596
jsonschema2pojo,6333,12.240930869267626,63,3.0,2.0,64.0,604
richeditor-android,6332,10.47501711156742,0,1.0,1.0,0.0,422
micronaut-core,6306,7.537303216974675,311,9.0,1.0,6.0,1197
from-java-to-kotlin,6293,8.331279945242985,0,0.5,1.0,0.0,37
wvp-GB28181-pro,6276,4.84599589322382,1,5.0,1.0,0.0,47065
ion,6274,12.328542094455852,0,4.0,1.0,0.0,7217
smile,6261,10.830937713894592,34,4.0,1.0,0.0,41827
config,6261,13.787816563997263,3,4.0,1.0,0.0,12494
hibernate-orm,6243,14.959616700889802,111,,,,
flink-cdc,6227,5.147159479808351,22,,,,
spring-cloud-examples,6225,8.394250513347023,0,4.0,1.0,0.0,14
gephi,6211,13.911019849418206,19,5.0,2.0,0.0,163
graphql-java,6200,10.206707734428473,93,,,,
logisim-evolution,6200,11.000684462696784,31,4.0,2.0,1.0,160917
mini-spring,6197,4.837782340862423,0,2.0,1.0,0.0,1880
IJPay,6177,8.383299110198495,24,2.0,1.0,12.0,1413
jetlinks-community,6159,5.713894592744696,20,,,,
iotdb,6158,6.8199863107460645,47,,,,
grafika,6135,11.75085557837098,1,5.0,2.0,0.0,10035
java-jwt,6130,11.537303216974674,45,2.0,1.0,1.0,2500
QR-Code-generator,6125,9.429158110882957,5,2.0,1.0,1.0,726
SwipeBackLayout,6123,12.068446269678303,0,3.5,1.0,3.0,1431
incubator-kie-drools,6121,14.584531143052704,6,,,,
NumberProgressBar,6106,11.38672142368241,3,0.0,1.0,0.0,58
MaterialEditText,6099,10.888432580424366,19,2.0,1.0,3.0,3258
GhidraMCP,6064,0.4928131416837782,5,22.5,1.5,687.0,1208
useful-java-links,6060,9.598904859685147,0,0.0,1.0,0.0,103
SoloPi,6045,6.5188227241615335,8,1.0,1.0,1.0,761
SpringBootVulExploit,6035,5.333333333333333,0,3.0,1.0,0.0,12
dynamic-load-apk,6030,11.474332648870636,0,5.0,1.0,0.0,1441
j2objc,6029,11.63586584531143,1,0.0,1.0,0.0,10
EffectiveAndroidUI,6015,11.211498973305956,0,3.0,1.0,1.0,1923
graphhopper,6010,13.585215605749486,45,5.0,1.0,17.0,1435
material,5988,10.778918548939084,10,2.0,1.0,1.0,3645
physical-web,5982,10.97056810403833,17,3.0,1.0,0.0,5144
vavr,5976,11.63586584531143,19,4.0,1.0,1.0,25841
kafdrop,5974,6.316221765913758,50,3.0,1.0,0.0,2946
robolectric,5967,15.06091718001369,110,1.0,3.0,3.0,1321
xUtils3,5967,9.894592744695414,9,4.0,1.0,3.0,1652
btrace,5961,11.06091718001369,33,4.0,1.0,2.0,1908
camel,5956,16.331279945242983,0,,,,
ssm,5956,9.253935660506503,0,1.0,1.0,1.0,298
javaparser,5944,13.88911704312115,55,,,,
springfox,5941,13.371663244353183,12,3.0,1.0,0.0,1679
hudi,5940,8.763860369609857,31,5.0,2.0,1.0,1746
material-calendarview,5925,10.60643394934976,22,3.0,1.0,0.0,2527
google-java-format,5922,10.360027378507871,35,2.0,1.0,1.0,9632
androidmvp,5917,11.46611909650924,0,2.0,1.0,0.0,242
Pixiv-Shaft,5913,6.469541409993155,115,,,,
pinot,5902,11.3347022587269,21,,,,
motan,5898,9.415468856947296,28,1.0,1.0,6.0,85
datax-web,5892,5.834360027378508,5,3.0,1.0,0.0,8289
austin,5891,3.868583162217659,0,4.0,1.0,0.0,672
zxing-android-embedded,5891,12.80766598220397,9,6.5,2.0,1.0,530
hippo4j,5885,4.26009582477755,18,,,,
spring-ai-alibaba,5884,1.0266940451745379,10,,,,
blade,5879,10.277891854893909,9,3.0,1.0,0.0,8313
Fast-Android-Networking,5843,9.49760438056126,10,2.0,1.0,0.0,4928
JSqlParser,5812,14.239561943874058,37,5.0,1.0,3.0,31171
api-samples,5808,11.7782340862423,0,7.0,1.0,0.0,2541
lanproxy,5805,8.829568788501026,1,4.0,1.0,1.0,496
BoomMenu,5804,9.503080082135524,0,5.0,2.0,0.0,1341
tcc-transaction,5796,9.790554414784394,8,,,,
hive,5795,16.331279945242983,0,6.0,1.0,1.0,7035
DiscreteScrollView,5788,8.544832306639288,2,1.0,1.0,0.0,1711
DiskLruCache,5774,13.705681040383299,0,2.0,1.0,4.0,1015
circular-progress-button,5772,11.285420944558522,3,2.0,1.0,1.0,1031
AmazeFileManager,5767,11.184120465434633,66,4.0,1.0,1.0,23274
Discovery,5744,7.2470910335386725,132,,,,
jeepay,5738,8.10403832991102,0,8.0,1.0,0.0,699
FastHub,5726,8.583162217659138,63,5.0,1.0,1.0,40321
InfiniteCycleViewPager,5725,9.075975359342916,2,5.0,2.0,2.0,244
aurora-imui,5716,8.766598220396988,42,3.0,1.0,0.0,6927
SwipeRecyclerView,5705,9.127994524298426,0,3.0,1.0,0.0,2885
lamp-cloud,5689,7.671457905544147,0,5.0,1.0,0.0,3173
springside4,5684,13.571526351813826,3,3.0,1.0,0.0,474
nifi,5684,10.770704996577686,0,,,,
MusicBot,5671,9.097878165639973,38,6.0,3.0,1.0,4005
Blurry,5662,10.160164271047227,0,3.5,1.0,0.0,636
u2020,5661,11.846680355920602,0,4.0,1.0,0.0,1069
react-native-splash-screen,5660,9.013004791238878,12,4.0,1.0,3.0,122
Suwayomi-Server,5652,4.739219712525667,58,,,,
HTextView,5649,9.752224503764545,0,3.5,2.0,0.0,302
lettuce,5643,11.36208076659822,135,3.0,1.0,1.0,64137
spring-boot-projects,5637,8.46817248459959,0,,,,
janusgraph,5618,8.731006160164272,28,4.5,1.0,0.0,1639
AndroidImageSlider,5617,11.299110198494182,5,4.5,1.5,4.0,131
linuxdeploy,5613,13.078713210130047,37,5.0,2.0,3.0,2693
EdXposed,5602,6.669404517453799,27,5.0,1.0,1.0,45116
Android-ZBLibrary,5596,10.08350444900753,25,2.0,1.0,0.0,3642
FlowLayout,5595,10.061601642710473,0,3.0,1.0,0.0,371
ShowcaseView,5579,13.097878165639973,13,3.0,1.0,0.0,1485
uid-generator,5561,8.48186173853525,0,1.0,1.0,1.0,766
disconf,5552,11.307323750855579,12,3.0,1.0,1.0,4466
ListViewAnimations,5544,12.503764544832306,14,7.0,2.0,0.0,847
shattered-pixel-dungeon,5504,11.137577002053389,52,5.5,2.0,3.0,392
AndroidVideoCache,5497,10.469541409993155,20,2.0,1.0,1.0,1606
StickyListHeaders,5493,13.52498288843258,16,3.0,1.0,0.0,1622
MagicCamera,5491,9.697467488021903,0,2.0,1.0,0.0,1423
jetcache,5476,8.438056125941136,67,4.0,1.0,1.0,2151
mosby,5476,10.48870636550308,15,12.5,1.0,101.5,921
scribejava,5467,15.039014373716633,9,2.0,2.0,0.0,2519
freeline,5458,9.127994524298426,22,2.0,1.0,0.0,113
TapTargetView,5456,9.021218343600275,24,1.0,1.0,0.0,94
novel,5456,5.856262833675565,12,2.0,1.0,0.0,4520
barcodescanner,5449,11.567419575633128,6,3.0,1.0,1.0,893
FastBle,5447,9.073237508555783,9,2.0,1.0,0.0,1741
wechat,5437,10.321697467488022,0,3.0,1.0,0.0,16076
library,5434,6.6885694729637235,0,5.0,1.0,0.0,1531
rebound,5415,11.939767282683095,10,3.0,1.0,0.0,856
dubbo-spring-boot-project,5406,7.668720054757015,13,,,,
socket.io-client-java,5405,12.394250513347023,7,2.0,1.0,0.0,2286
hbase,5394,11.326488706365502,47,10.0,1.0,14.0,79
sensitive-word,5385,5.700205338809035,2,3.0,1.0,1.0,2589
typespec,5384,4.219028062970568,285,,,,
strimzi-kafka-operator,5381,9.371663244353183,155,9.0,1.0,6.0,8433
usb-serial-for-android,5377,12.219028062970569,33,5.0,1.0,0.0,597
android-job,5371,10.08350444900753,31,4.0,2.0,1.0,600
groovy,5365,10.428473648186174,0,4.0,2.0,1.0,139598
shimmer-android,5364,10.557152635181383,5,,,,
spring-data-examples,5357,11.63586584531143,0,8.0,1.0,1.0,52
MifareClassicTool,5357,12.59958932238193,8,9.0,3.0,3.0,6633
SystemBarTint,5354,11.838466803559205,3,6.5,2.0,0.0,161
cw-omnibus,5349,13.522245037645447,36,2.0,2.0,0.0,6
android-advancedrecyclerview,5335,10.652977412731007,1,4.0,2.0,0.0,9543
thumbnailator,5328,10.154688569472963,0,2.0,1.0,0.0,4929
XRecyclerView,5319,9.83709787816564,0,1.0,1.0,0.0,1658
OsmAnd,5318,14.677618069815194,1,4.0,1.0,4.0,294404
generator,5311,12.605065023956195,11,5.0,2.0,3.0,19557
web3j,5306,9.040383299110198,119,2.0,3.0,1.0,4033
google-authenticator,5305,10.948665297741274,0,2.5,1.0,1.0,3552
gradle-retrolambda,5290,12.123203285420944,37,4.0,1.0,0.0,42
sodium,5273,5.631759069130732,40,4.0,1.0,1.0,22659
android-lifecycle,5271,11.422313483915127,0,7.5,2.0,190.0,481
VitamioBundle,5268,12.917180013689254,0,3.0,1.0,0.0,5735
Android-Touch-Helper,5261,4.9253935660506505,112,3.0,1.0,0.0,2257
springboot-guide,5252,6.809034907597536,0,4.5,1.0,0.0,46
QLExpress,5247,8.514715947980836,18,6.0,1.0,3.0,9385
QAuxiliary,5245,3.6386036960985626,48,5.0,1.0,2.0,39825
okdownload,5245,7.756331279945243,8,,,,
titan,5242,13.56331279945243,0,2.0,1.0,3.0,15
Side-Menu.Android,5240,10.683093771389458,2,2.0,1.0,3.0,199
BasePopup,5233,9.678302532511978,15,4.0,1.0,1.0,20920
liquibase,5232,14.20123203285421,103,3.0,1.0,1.0,1405
TelegramBots,5230,9.681040383299111,108,4.0,1.0,0.0,1802
DKVideoPlayer,5230,8.44079397672827,32,3.5,1.0,2.0,2494
twoway-view,5223,12.668035592060233,0,3.5,1.5,1.0,1522
Geyser,5220,6.201232032854209,0,1.0,3.0,0.0,139
smartTable,5219,7.863107460643395,44,2.0,1.0,0.0,8268
Dexter,5215,9.839835728952773,33,3.0,1.0,0.0,1615
pmd,5212,13.190965092402465,108,3.0,1.0,0.0,986
FloatingActionButton,5206,10.499657768651609,14,2.0,1.0,0.0,2271
db-tutorial,5206,8.114989733059549,0,5.0,1.0,1.0,1654
dddsample-core,5201,10.63107460643395,0,4.0,1.0,1.0,2866
picocli,5198,8.629705681040383,86,3.0,1.0,1.0,4111
megabasterd,5195,8.971937029431896,208,1.0,1.0,0.0,20673
JS-Sorting-Algorithm,5186,8.6652977412731,0,3.0,1.0,1.0,313
views-widgets-samples,5161,6.036960985626283,0,3.0,1.0,1.0,519
easy-rules,5153,12.528405201916495,10,4.0,1.0,0.5,17
ctci,5147,12.49555099247091,0,2.0,1.0,1.0,227
otto,5145,13.229295003422314,0,1.0,1.0,0.0,530
midjourney-proxy,5144,2.406570841889117,0,5.0,1.0,0.0,2787
JustTrustMe,5143,11.154004106776181,1,1.0,1.0,0.0,593
bitcoinj,5140,11.832991101984941,14,2.5,1.0,1.5,2351
YCSB,5138,15.419575633127995,55,11.0,1.5,25.0,237
reactor-core,5138,9.859000684462696,212,7.5,1.0,0.0,1981
lwjgl3,5128,12.739219712525667,21,4.0,2.0,0.0,81
fesod,5123,0.9555099247091033,5,5.0,1.0,1.0,12987
runelite,5115,9.388090349075975,0,3.0,1.0,0.0,14943
Digital,5114,9.22655715263518,35,3.0,1.0,0.0,62064
Android-IMSI-Catcher-Detector,5100,11.822039698836413,48,3.0,1.0,0.0,12145
shopping-management-system,5098,9.842573579739904,0,,,,
jpexs-decompiler,5089,11.36208076659822,172,2.0,1.0,1.0,6595
spotless,5087,10.39835728952772,35,3.0,1.0,1.0,14141
Luyten,5084,12.191649555099247,17,1.0,1.0,0.0,6750
CameraView,5083,8.172484599589323,42,3.0,1.0,0.0,15115
oshi,5078,13.607118412046544,166,4.0,1.0,1.0,28550
opentsdb,5063,15.063655030800822,27,4.0,1.0,0.0,15706
sofa-boot,5061,7.4661190965092405,82,3.0,1.0,1.0,2013
spring-authorization-server,5052,5.508555783709788,78,,,,
dynamic-datasource,5049,7.394934976043806,18,2.5,1.0,1.0,1472
Small,5049,9.81245722108145,25,2.0,1.0,0.0,5828
XUI,5043,6.699520876112252,23,5.0,2.0,1.0,22934
xpay,5039,7.770020533880904,0,5.0,1.0,1.0,1449
killbill,5032,12.91170431211499,150,8.5,1.0,3.0,2382
DesignPattern,5023,8.91170431211499,0,2.0,1.0,0.0,2592
mapdb,5017,13.089664613278575,0,,,,
android-common,5014,13.25119780971937,1,3.0,1.0,6.0,3258
android-zxingLibrary,5013,9.149897330595483,0,2.0,1.0,0.0,408
wgcloud,5011,6.677618069815195,29,1.0,2.0,27.5,1136
GravitySnapHelper,5002,9.051334702258726,14,,,,
gpmall,5000,6.1738535249828885,0,3.0,2.0,0.0,232
armeria,4999,9.842573579739904,261,1.5,1.5,9.5,106
CloudReader,4993,8.829568788501026,26,2.0,1.0,0.0,17372
LayoutManagerGroup,4992,7.394934976043806,0,4.0,2.0,0.0,1390
dialogplus,4987,10.770704996577686,9,,,,
aviatorscript,4987,14.477754962354553,52,3.0,1.0,1.0,27714
spring-mvc-showcase,4986,14.297056810403832,0,5.0,1.0,3.0,900
ignite,4984,10.581793292265571,0,4.0,1.0,0.0,3615
UltraViewPager,4978,8.476386036960985,10,10.0,2.0,1.0,275
joda-time,4977,14.346338124572211,50,6.0,2.0,13.0,32688
InstaMaterial,4968,10.858316221765914,1,2.0,1.0,0.0,2218
bisq,4955,11.523613963039015,142,3.0,1.0,2.5,1171
NavigationTabBar,4947,9.475701574264203,13,3.0,1.0,1.0,735
react-native-linear-gradient,4943,10.472279260780287,18,8.0,2.0,45.0,202
calcite,4940,11.236139630390143,0,9.0,2.0,2.0,854
RxJava2-Android-Samples,4940,9.062286105407255,0,2.0,1.0,0.0,3987
PeerBanHelper,4935,1.6153319644079398,149,4.0,1.0,0.0,26304
spring-cloud-netflix,4933,11.19233401779603,24,4.0,1.0,0.0,3202
Infinity-For-Reddit,4924,7.151266255989048,183,4.0,1.0,1.0,95168
roncoo-pay,4923,9.163586584531142,0,6.5,1.0,0.0,346
react-native-config,4922,9.571526351813826,30,4.0,1.5,3.0,47
RippleEffect,4914,10.932238193018481,0,1.0,1.0,0.0,285
querydsl,4910,14.124572210814511,35,8.0,2.0,1.0,2125
spring-boot-best-practice,4910,6.861054072553046,0,2.0,1.0,0.0,15
folding-cell-android,4901,9.467488021902806,0,2.0,1.0,1.0,516
java-faker,4898,14.288843258042437,0,2.0,1.0,0.0,3628
cglib,4878,11.477070499657769,15,3.0,1.0,0.0,10995
orientdb,4873,12.777549623545516,225,3.0,1.0,1.0,7074
rstudio,4868,14.784394250513348,0,2.0,1.0,0.0,12241
react-native-webrtc,4864,9.979466119096509,81,4.0,1.0,0.0,3846
allure2,4863,9.314168377823409,80,2.0,1.0,0.0,479
poi-tl,4860,10.50239561943874,14,5.0,2.0,1.0,907
reactive-streams-jvm,4860,11.5564681724846,0,1.5,1.0,0.5,15
android,4856,9.286789869952088,262,4.0,1.0,1.0,43919
small-spring,4853,4.347707049965777,0,0.5,1.0,0.0,18
packer-ng-plugin,4826,9.820670773442847,1,6.0,2.0,0.0,20
Transitions-Everywhere,4805,10.929500342231348,23,4.0,1.0,1.0,743
lucida,4800,11.353867214236825,0,4.5,1.0,2.0,274
mockserver,4795,12.56125941136208,0,1.5,1.0,0.0,807
openai-java,4788,5.0102669404517455,22,4.0,1.0,0.0,1000
Android-ConvenientBanner,4771,10.740588637919233,0,2.5,2.0,1.0,303
reflections,4768,12.427104722792608,3,3.0,1.0,1.0,2903
maven,4766,16.331279945242983,26,,,,
mybatis,4765,10.877481177275838,0,3.0,1.0,1.0,17690
AndroidStaggeredGrid,4751,11.7782340862423,7,3.0,1.0,0.0,3570
SwitchButton,4747,11.028062970568104,0,2.0,1.0,0.0,541
android-tips-tricks,4745,9.067761806981519,0,1.0,1.0,0.0,22
spring-cloud-gateway,4741,8.840520191649555,36,,,,
FirebaseUI-Android,4734,10.198494182067078,66,6.0,2.0,1.0,1419
baseAdapter,4720,10.130047912388775,0,5.0,1.0,2.0,345
cameraview,4718,9.125256673511293,0,2.0,1.0,0.0,444
blog_demos,4715,8.446269678302533,0,,,,
Spring-Boot-In-Action,4715,6.6420260095824775,0,1.0,1.0,1.0,774
micrometer,4712,8.4435318275154,273,3.0,1.0,0.0,300
spring-security-oauth,4703,14.151950718685832,0,3.5,1.0,2.5,189
microservices-platform,4703,6.537987679671458,30,5.0,1.0,0.0,185
chuck,4700,8.61054072553046,5,4.0,1.0,1.0,1525
markor,4680,8.06570841889117,77,4.0,1.0,1.0,25447
ActiveAndroid,4677,12.843258042436688,0,2.0,1.0,4.5,2479
ForestBlog,4669,7.94798083504449,0,3.0,1.0,0.0,2373
esProc,4669,3.8603696098562628,0,7.0,2.0,1.0,320699
JSON-java,4661,14.746064339493497,24,2.0,1.0,4.5,4922
libsvm,4660,12.02464065708419,0,2.5,1.0,0.0,2095
MaterialDateTimePicker,4656,10.710472279260781,54,5.0,1.0,1.0,5674
Telegram-X,4654,4.090349075975359,5,4.0,1.0,1.0,419535
SpringBoot-Shiro-Vue,4647,7.838466803559206,0,6.0,1.0,0.0,633
djl,4646,5.88911704312115,35,14.0,1.5,21.5,558
cardslib,4644,11.997262149212867,27,4.0,1.0,1.0,8506
javacpp,4642,11.41409993155373,13,2.0,2.0,1.0,37
PageIndicatorView,4639,9.08145106091718,14,4.0,1.0,0.0,3161
opengrok,4637,12.698151950718685,294,3.0,1.0,1.0,40224
AutoJs6,4622,3.800136892539357,20,3.0,1.0,1.0,65426
--,4619,5.25119780971937,0,7.0,1.0,1.0,170
oblivion,4619,1.6125941136208077,12,4.0,1.0,0.5,2641
ribbon,4618,12.676249144421629,41,3.0,1.0,0.0,2051
rocketmq-externals,4608,8.517453798767967,0,8.0,2.0,23.0,399
revanced-patches,4606,1.7659137577002053,675,,,,
crawler4j,4604,13.716632443531827,3,2.0,1.0,1.0,4077
JAViewer,4604,9.330595482546201,10,4.0,1.0,0.0,6299
ipscan,4594,14.22861054072553,31,4.0,2.0,3.0,721
concurrent,4590,6.877481177275839,0,,,,
GCViewer,4589,13.908281998631075,5,3.0,2.0,1.0,14808
simplify,4584,11.67419575633128,9,3.0,1.0,1.0,262
dynamic-tp,4581,3.698836413415469,19,,,,
quasar,4578,12.48186173853525,18,3.0,1.0,0.0,5836
WePush,4578,8.240930869267626,58,3.0,1.0,1.0,22782
SimplifyReader,4566,10.091718001368925,0,2.0,1.0,0.0,6553
JGrowing,4564,6.562628336755647,0,,,,
GDA-android-reversing-Tool,4561,7.885010266940451,40,3.0,1.0,0.0,287
objectbox-java,4558,8.65160848733744,48,3.0,1.0,0.0,14987
Douya,4558,9.631759069130732,11,4.0,1.0,1.0,44643
JDA,4555,9.77138945927447,111,6.0,1.0,3.0,58606
go-lang-idea-plugin,4549,15.058179329226558,21,8.0,2.0,10.0,3412
booklore,4547,0.7665982203969883,91,5.0,1.0,0.0,17796
sqlbrite,4545,10.581793292265571,9,2.0,1.0,0.0,691
Depth-LIB-Android-,4543,9.396303901437372,0,2.0,1.0,0.0,1563
android-crop,4536,11.520876112251882,6,8.0,2.0,9.0,40
AndroidHttpCapture,4534,8.928131416837783,1,3.0,1.0,0.0,15895
unidbg,4533,6.562628336755647,15,5.5,2.0,15.5,724
dexposed,4531,10.223134839151266,0,2.0,1.0,1.0,1988
AndroidTutorialForBeginners,4531,8.980150581793293,0,6.0,2.0,0.5,77
SmoothProgressBar,4520,11.811088295687885,9,4.0,1.0,8.0,1082
Ant-Media-Server,4519,8.553045859000685,64,2.0,1.0,1.0,76050
bottomsheet,4517,10.40930869267625,10,2.0,1.0,0.0,713
epic,4517,8.328542094455852,5,3.0,1.0,0.0,2013
azkaban,4515,12.919917864476385,48,0.0,1.0,0.0,2544
java-algorithms-implementation,4511,11.83025325119781,0,5.0,1.0,0.0,3421
bilibili-android-client,4493,9.300479123887747,1,3.0,1.0,3.0,38882
MallChat,4492,2.513347022587269,0,5.0,1.0,0.0,7225
NineOldAndroids,4477,13.782340862422998,0,1.0,1.0,1.0,3391
Robust,4458,8.517453798767967,13,3.5,1.0,6.0,255
h2database,4453,10.444900752908966,23,2.0,2.0,1.0,22921
aurora,4449,3.0855578370978782,0,6.0,1.0,0.0,4956
android-mvp-architecture,4444,8.643394934976044,0,3.0,1.0,0.0,3905
android-times-square,4437,12.635181382614647,0,1.0,1.0,0.0,1444
moco,4428,12.919917864476385,1,4.0,1.0,1.0,7918
flink-recommandSystem-demo,4425,6.349075975359343,0,2.5,1.0,0.0,932
GT,4414,9.683778234086242,3,3.0,1.0,0.0,1643
jacoco,4412,13.19917864476386,49,0.0,1.0,0.0,5
IoT-Technical-Guide,4407,6.466803559206023,0,2.0,1.0,1.0,490
DeepLinkDispatch,4407,10.275154004106776,24,,,,
Gadgetbridge,4405,10.702258726899384,0,3.0,2.0,1.0,233899
shiro,4402,16.057494866529773,14,3.0,1.0,0.0,124
ticker,4389,9.180013689253936,9,3.0,1.0,0.0,938
flutter-webrtc,4378,7.537303216974675,133,3.0,1.0,0.0,8275
BottomNavigation,4364,9.503080082135524,16,7.5,1.0,21.5,1815
leet-code,4360,10.403832991101986,0,2.0,1.0,0.0,1786
serve,4349,5.963039014373717,24,1.0,1.0,1.0,1952
frontend-maven-plugin,4323,12.054757015742641,0,10.5,3.0,1.0,684
grobid,4321,13.015742642026009,22,,,,
LSPosed_mod,4316,3.479808350444901,10,6.0,1.0,1.0,9952
ImagePicker,4314,9.645448323066393,5,4.0,1.0,0.0,699
BGARefreshLayout-Android,4308,10.313483915126625,4,3.0,1.0,1.0,3375
crate,4297,12.4435318275154,139,2.0,2.0,0.0,208
guide-rpc-framework,4287,5.360711841204655,0,4.0,1.0,0.0,28
dragonwell8,4287,6.537987679671458,42,0.0,1.0,0.0,2486
OpenHub,4280,8.191649555099247,31,4.0,1.0,1.0,24411
android-volley,4278,12.331279945242985,0,2.0,1.0,1.0,3102
failsafe,4274,10.223134839151266,0,4.0,1.0,1.0,3793
InternetArchitect,4274,5.919233401779603,0,,,,
java-learning,4272,9.609856262833675,0,1.0,1.0,0.0,921
CircleIndicator,4270,11.14031485284052,7,4.0,1.0,3.0,764
coursera-android,4263,11.704312114989733,0,,,,
jitsi,4261,12.405201916495551,7,3.0,1.0,2.0,489
novel-plus,4261,5.382614647501711,34,3.0,1.0,6.0,7491
android-autofittextview,4260,14.595482546201232,1,4.5,1.0,1.5,440
open-location-code,4251,10.97056810403833,5,3.0,1.0,0.0,1500
camunda-bpm-platform,4242,12.709103353867214,0,,,,
zotfile,4241,13.722108145106091,33,,,,
java-developer-roadmap,4230,6.409308692676249,0,0.0,1.0,0.0,5
javassist,4217,12.323066392881588,24,1.0,1.0,0.0,31274
spring-boot-starter,4216,9.984941820670773,32,7.0,1.0,0.5,971
ShineButton,4215,9.207392197125257,2,6.0,2.0,6.0,178
dolby_beta,4210,5.336071184120465,37,4.0,1.0,0.5,7255
malmo,4202,9.34154688569473,21,6.0,2.0,2.0,18756
streampark,4200,6.316221765913758,15,,,,
supersonic,4199,2.272416153319644,15,2.0,1.0,0.0,217
FloatWindow,4197,7.846680355920602,9,2.0,1.0,1.0,1328
CoordinatorTabLayout,4197,8.643394934976044,0,2.0,1.0,3.0,223
tx-lcn,4196,7.854893908281999,14,4.5,1.0,0.0,45
JKeyboardPanelSwitch,4190,10.220396988364135,14,2.0,1.0,0.0,582
powermock,4190,11.312799452429843,16,2.0,1.0,0.0,1541
maxwell,4186,10.609171800136892,214,4.0,1.0,0.0,12167
aws-sdk-java,4178,15.493497604380561,0,,,,
BGABanner-Android,4178,10.902121834360027,0,4.0,1.0,1.0,519
campus-imaotai,4158,2.2039698836413417,11,14.0,1.0,0.0,574
fastjson2,4154,3.4250513347022586,58,1.0,1.0,0.0,382
AndroidWiFiADB,4148,9.921971252566735,8,2.0,1.0,0.0,813
hmily,4143,7.975359342915811,0,,,,
geoserver,4140,13.859000684462696,62,,,,
so-novel,4140,3.326488706365503,46,5.0,1.0,0.0,2463
AndroRAT,4136,5.494866529774128,0,,,,
LoadingDrawable,4116,9.426420260095824,0,5.0,2.0,1.0,108
Tangram-Android,4107,8.476386036960985,38,3.0,1.0,0.0,2504
SmartCropper,4093,8.128678986995208,13,2.0,1.0,0.0,241
chunjun,4085,7.4633812457221085,30,4.5,1.0,1.0,1911
ExpandableTextView,4084,11.342915811088295,4,3.0,1.0,0.5,368
bistoury,4084,6.135523613963039,8,1.5,1.0,0.0,555
tiny-spring,4081,11.690622861054072,0,2.0,1.0,0.0,622
ViewPagerCards,4073,9.08145106091718,0,7.0,2.0,0.0,230
jodd,4072,13.032169746748803,37,2.0,1.0,0.5,4723
CC,4045,7.822039698836414,0,1.0,1.0,0.0,10
greys-anatomy,4026,12.826830937713895,0,0.0,1.0,1.0,107
jmonkeyengine,4022,11.501711156741958,76,2.0,1.0,0.0,6176
jabref,4021,11.526351813826146,45,7.0,1.0,0.0,136
XCL-Charts,4020,11.279945242984258,0,4.0,1.0,2.5,10719
OpenPDF,4012,9.190965092402465,83,,,,
Bolts-Android,4011,11.63586584531143,11,3.0,1.0,0.0,911
TwinklingRefreshLayout,4002,9.54962354551677,0,2.0,1.0,0.0,2046
XChange,4001,13.6290212183436,0,3.0,1.0,0.0,993
jetty.project,4000,14.184804928131417,132,,,,
Phoenix,3999,10.685831622176591,1,2.0,1.0,0.0,701
effective-java-3e-source-code,3998,7.129363449691992,0,1.0,1.0,0.0,60
bitcoin-wallet,3994,13.470225872689939,0,4.0,1.0,0.0,13769
FloatingActionButton,3992,11.162217659137577,0,3.5,1.5,3.0,644
BigImageViewer,3988,8.867898699520875,0,3.0,1.0,0.0,918
pdfsam,3984,11.986310746064339,66,7.0,1.0,0.0,31
hawk,3980,10.581793292265571,22,2.0,1.5,10.5,58
tech-weekly,3979,6.795345653661875,0,,,,
BadgeView,3978,8.61054072553046,5,2.0,1.0,0.0,764
lilishop,3973,4.350444900752909,3,5.0,2.0,0.0,31
ShedLock,3972,8.772073921971252,0,2.5,1.0,0.5,82
LiveEventBus,3969,7.19233401779603,0,1.0,1.0,0.0,336
syncthing-android,3966,11.572895277207392,332,2.5,1.0,0.0,8424
RichText,3961,10.165639972621491,0,3.0,2.0,0.0,338
ripme,3960,8.700889801505818,143,6.0,4.0,15.0,17738
awaitility,3960,15.657768651608487,0,2.0,1.0,0.0,2663
XposedInstaller,3958,13.464750171115675,0,2.0,1.0,0.0,8980
interviewGuide,3958,9.415468856947296,0,,,,
Leetcode,3957,9.136208076659821,0,0.0,1.0,0.0,117831
GuideView,3954,9.25119780971937,0,1.0,1.0,0.5,363
mlkit,3953,5.3114305270362765,1,1.0,1.0,0.0,479
mcaselector,3953,7.411362080766598,72,5.0,1.0,1.0,36373
java-tron,3950,7.731690622861054,80,6.0,2.0,1.0,18051
android-iconify,3943,12.271047227926077,0,3.5,1.0,1.0,586
DataMiningAlgorithm,3931,10.688569472963723,0,2.0,1.0,0.0,758
RxJavaSamples,3927,9.489390828199863,3,3.0,1.0,0.0,1001
cyberduck,3922,8.66255989048597,0,10.0,1.0,0.0,1088
FlatLaf,3922,6.0862422997946615,87,2.0,1.0,3.0,27
screw,3921,5.245722108145106,0,3.0,1.0,0.0,2991
TinyPinyin,3916,9.971252566735114,2,3.0,2.0,0.0,10
HyperCeiler,3911,1.8973305954825461,7,5.0,1.0,3.0,6063
Conductor,3909,9.51129363449692,36,2.0,1.0,1.0,2168
ruoyi-ai,3903,1.675564681724846,6,6.0,1.0,0.0,138
leetcode-editor,3902,6.505133470225872,55,4.0,1.0,0.0,13373
learning-spark,3897,11.260780287474333,0,0.5,1.0,0.0,67
sofa-rpc,3897,7.446954140999315,63,4.5,1.0,1.5,1035
BackgroundLibrary,3893,7.028062970568104,13,3.0,1.0,0.0,70
jstorm,3891,12.043805612594113,22,6.0,1.0,1.0,8494
xboot,3888,7.408624229979466,6,6.0,1.0,0.0,5122
IDDD_Samples,3886,12.449007529089664,0,3.0,1.0,4.0,5633
Launcher3,3885,8.306639288158795,22,3.0,1.0,0.0,52237
FairEmail,3884,7.132101300479124,2216,2.0,1.0,0.0,238952
Timeline-View,3884,9.763175906913073,15,,,,
DSBridge-Android,3857,8.711841204654347,2,2.0,1.0,0.0,456
NullAway,3852,8.049281314168377,31,,,,
java,3839,8.366872005475702,55,,,,
bundletool,3833,7.378507871321013,63,6.0,1.0,6.0,24327
ahbottomnavigation,3829,9.508555783709788,14,2.0,1.0,0.0,1874
HeliBoard,3826,3.5318275154004106,50,4.0,1.0,2.0,23194
MaterialSearchView,3824,10.015058179329227,6,2.0,1.0,1.0,836
react-native-share,3822,9.971252566735114,139,3.0,3.0,10.0,1621
AndServer,3820,9.264887063655031,1,0.0,1.0,0.0,11
jshERP,3820,8.996577686516085,6,3.0,1.0,13.0,71055
My-Blog,3818,6.546201232032854,0,3.0,1.0,6.0,2407
CircleProgress,3815,10.888432580424366,0,4.0,2.0,0.0,510
BlurView,3805,9.412731006160165,31,2.0,2.0,0.0,240
camunda,3804,9.500342231348391,470,,,,
HaE,3799,5.489390828199863,77,1.0,1.0,0.0,3968
shopizer,3796,12.826830937713895,18,5.0,1.0,1.0,15204
MarqueeView,3792,9.300479123887747,0,6.0,1.5,0.0,455
fernflower,3787,10.962354551676933,0,0.0,1.0,0.0,3613
mpush,3779,9.39356605065024,9,2.0,1.0,0.0,1322
pixel-dungeon,3778,11.151266255989048,0,3.0,4.0,1.0,2153
SwipeDelMenuLayout,3774,9.067761806981519,2,2.0,1.0,0.0,614
SuperTextView,3772,8.917180013689254,39,1.0,1.0,0.0,588
blurkit-android,3767,8.867898699520875,3,9.0,2.0,0.0,398
Terasology,3760,14.546201232032855,70,4.0,1.0,1.0,93847
CustomActivityOnCrash,3754,11.211498973305956,12,6.5,1.0,5.0,788
roboguice,3752,13.103353867214237,0,2.0,1.0,0.0,33
sticky-headers-recyclerview,3751,10.962354551676933,0,5.0,1.0,1.0,469
signal-cli,3750,10.360027378507871,103,4.0,1.0,0.0,18484
BannerViewPager,3750,8.479123887748118,59,3.0,1.0,0.5,1709
kylin,3749,10.710472279260781,2,,,,
sofa-jraft,3746,6.546201232032854,32,3.0,1.0,3.0,95704
andOTP,3742,8.208076659822039,38,3.0,1.0,0.0,8245
RoaringBitmap,3741,12.257357973990418,39,4.5,1.0,19.5,2191
spotbugs,3740,8.873374401095141,71,4.0,1.0,1.0,120326
JCTools,3731,11.85763175906913,18,2.0,1.0,0.0,4732
Skeleton,3725,8.139630390143736,0,4.0,1.0,1.0,464
atmosphere,3719,15.222450376454484,0,0.0,1.0,0.0,2
spruce-android,3718,8.569472963723477,3,3.0,1.0,0.0,1223
ByteLegend,3717,4.629705681040384,0,4.5,1.0,9.5,141
ChatKit,3715,8.626967830253252,1,3.0,1.5,0.0,3623
BilibiliDown,3707,6.655715263518139,80,8.0,3.0,9.0,2850
StylishMusicPlayer,3706,9.015742642026009,0,3.0,1.0,0.0,5767
SurveyKing,3705,4.035592060232717,3,15.5,1.0,0.0,420
Play-with-Algorithms,3705,9.207392197125257,0,3.0,1.0,0.0,624
learning-note,3702,5.262149212867898,0,1.0,1.0,0.0,13156
NoHttp,3702,10.143737166324435,0,2.0,1.0,3.0,5901
undertow,3697,13.169062286105408,9,2.0,1.0,0.0,506
tablesaw,3692,9.716632443531827,79,32.5,1.0,3.0,395
Create,3691,6.1738535249828885,0,8.0,2.0,3.0,150542
helidon,3680,7.063655030800821,131,,,,
ShadowLayout,3678,6.198494182067077,28,1.0,1.0,3.0,446
yacy_search_server,3676,10.496919917864476,0,6.0,1.0,0.0,24090
ASimpleCache,3675,12.145106091718,0,7.0,2.0,0.0,362
Android-BluetoothKit,3674,9.949349760438055,0,2.0,1.0,0.0,2038
light-4j,3672,9.026694045174539,192,6.0,1.0,0.0,92
groupie,3671,9.048596851471595,28,2.0,1.0,0.0,655
grpc-spring,3670,8.720054757015742,34,3.0,1.0,0.0,5
rejoiner,3670,7.786447638603696,3,13.0,1.5,4.0,56
databus,3668,12.75564681724846,0,6.5,1.5,18.0,247
JavaSourceCodeLearning,3668,5.297741273100616,0,1.0,1.0,0.0,1711
Linkage-RecyclerView,3667,6.412046543463381,0,5.0,1.0,1.0,1698
akhq,3656,7.028062970568104,42,5.0,1.0,0.0,6802
chatgpt-java,3644,2.784394250513347,24,3.0,1.0,0.0,1880
android-common,3642,11.31006160164271,0,2.0,1.0,1.0,6519
ftgo-application,3629,7.906913073237509,0,3.0,1.0,0.0,5
NewbieGuide,3622,8.145106091718,20,2.0,1.0,0.0,674
jackson-databind,3622,13.741273100616016,0,6.0,2.0,4.0,69995
incubator-heron,3621,9.984941820670773,56,,,,
uncle-novel,3616,6.7734428473648185,1,5.0,1.0,0.0,11334
blossom,3613,2.1190965092402463,19,4.0,1.0,0.0,7043
emojicon,3613,11.668720054757015,2,2.0,1.0,0.0,67
Alink,3609,6.97056810403833,22,3.0,1.0,0.0,4194
spock,3608,14.770704996577686,26,,,,
brigadier,3602,11.011635865845312,3,4.0,1.0,0.0,2401
initializr,3600,12.284736481861739,17,4.0,1.0,1.0,798
marshalsec,3592,8.328542094455852,0,6.0,1.0,1.0,2155
ExplosionField,3591,9.990417522245037,0,4.5,1.5,4.0,60
data-transfer-project,3591,7.707049965776865,61,,,,
android-stackblur,3589,12.095824777549623,0,3.0,1.0,0.0,382
vertx-examples,3583,10.568104038329912,0,8.0,2.0,0.0,205
DropDownMenu,3582,10.242299794661191,2,3.0,1.0,0.0,308
AppUpdate,3580,8.251882272416154,3,2.0,1.0,1.0,754
Android,3578,12.046543463381246,0,,,,
android-maps-utils,3577,12.342231348391513,57,7.0,2.0,1.0,2138
Chronicle-Queue,3576,12.2984257357974,534,2.0,1.0,1.0,8450
Iris,3574,4.908966461327857,140,4.0,1.0,0.0,35386
ThreeTenABP,3571,10.21492128678987,0,3.5,2.0,1.5,22
FlexibleAdapter,3571,10.38466803559206,30,2.0,1.0,0.0,5541
dinky,3570,4.2792607802874745,31,6.0,1.0,0.0,13611
kubernetes-client,3568,10.198494182067078,124,,,,
netty-learning,3558,12.0,0,6.0,1.0,0.0,200
hackpad,3555,10.099931553730322,0,4.0,1.0,8.0,47984
MagicaSakura,3554,9.240246406570842,3,9.5,2.0,5.5,4500
springdoc-openapi,3546,6.190280629705681,96,,,,
parceler,3543,12.213552361396303,0,8.0,2.0,0.0,46
Java,3542,8.780287474332649,0,1.0,1.0,1.0,407
android-hidden-api,3535,10.009582477754963,2,7.5,1.0,0.5,478
libstreaming,3535,12.635181382614647,0,5.0,2.0,8.0,1122
floatingsearchview,3534,9.826146475017111,0,1.0,1.0,0.0,2864
MyPerf4J,3534,7.526351813826146,23,4.5,2.0,3.0,283
retrolambda,3531,12.167008898015059,0,1.0,1.0,0.0,33
spring-cloud-kubernetes,3522,8.766598220396988,32,,,,
logging-log4j2,3522,12.271047227926077,15,,,,
Music-Player,3521,9.371663244353183,2,4.0,2.0,1.0,916
maestro,3521,1.4236824093086926,0,7.0,1.0,0.0,333
smart-admin,3519,5.842573579739904,22,4.0,1.0,0.0,4284
RxAndroidBle,3517,9.623545516769337,60,3.0,1.0,0.0,1766
immutables,3517,12.202600958247775,15,3.0,1.0,0.0,4744
RecyclerViewPager,3515,10.67214236824093,10,2.0,1.0,0.0,1565
Store,3512,8.804928131416839,0,5.0,1.0,1.0,257
SwipeMenuListView,3504,11.071868583162217,2,3.0,1.0,0.5,525
GeekNews,3504,9.117043121149898,0,2.0,1.0,0.0,11928
android,3503,10.959616700889802,33,2.0,1.0,0.0,22637
liteflow,3501,5.486652977412731,0,,,,
JavaEETest,3498,8.766598220396988,0,4.0,1.0,2.0,374
ArchUnit,3494,8.413415468856947,43,,,,
LoadSir,3492,8.046543463381246,6,3.0,2.0,0.0,795
AxonFramework,3491,13.79876796714579,136,5.0,1.0,1.0,5037
BottomNavigationViewEx,3476,8.851471594798083,19,2.5,2.0,0.0,574
freeplane,3468,13.015742642026009,15,3.0,1.0,0.0,136451
Sui,3465,4.7091033538672145,21,3.0,1.0,0.0,3450
migration,3464,5.6974674880219025,0,1.0,1.0,0.0,101
openj9,3463,8.068446269678303,53,1.0,1.0,0.0,3473
concurrency-limits,3461,7.772758384668036,102,2.0,1.0,1.0,2380
PreviewSeekBar,3460,8.648870636550308,10,2.0,1.0,2.0,750
chatgpt-java,3457,2.6036960985626285,10,4.0,1.0,0.0,2649
QNotified,3456,6.491444216290212,28,4.0,1.0,0.0,32873
fory,3456,2.3956194387405887,49,4.0,1.0,0.0,462
Android-Week-View,3450,11.006160164271048,4,0.5,1.0,0.0,1629
SSM,3440,9.245722108145106,10,0.0,1.0,0.0,76
sndcpy,3438,5.278576317590692,2,4.5,2.0,0.0,214
AlgoDS,3432,8.758384668035593,0,1.0,1.0,1.0,6913
giffun,3431,6.6420260095824775,0,3.0,1.0,1.0,21147
get_jobs,3429,1.5359342915811087,2,3.0,1.0,0.0,3643
my-site,3427,7.381245722108145,0,3.0,1.0,0.0,3492
SeeWeather,3426,9.579739904175222,2,3.0,1.0,1.0,3101
BubbleSeekBar,3423,8.876112251882272,12,3.5,1.5,1.0,296
LQRWeChat,3420,8.61327857631759,0,2.0,1.0,1.0,17601
Toaster,3419,7.008898015058179,37,1.0,1.0,0.0,195
volley,3415,8.65160848733744,9,2.0,1.0,0.0,4911
